period_start,order_count,total_kwh,total_fees,data_version
2014-01-24,1,5.28000000,0E-8,2.2.0
2014-03-10,1,8.48000000,0E-8,2.2.0
2014-03-13,1,2.76000000,0E-8,2.2.0
2014-04-02,1,2.12000000,0E-8,2.2.0
2014-04-17,1,4.90000000,7.28000000,2.2.0
2014-05-05,1,11.51000000,1.00000000,2.2.0
2014-05-08,1,0.03000000,0E-8,2.2.0
2014-05-20,1,0.51000000,0E-8,2.2.0
2014-05-22,1,3.89000000,0E-8,2.2.0
2014-06-07,1,8.90000000,0E-8,2.2.0
2014-06-16,1,4.77000000,0E-8,2.2.0
2014-06-20,1,3.71000000,0E-8,2.2.0
2014-07-01,1,6.78000000,0E-8,2.2.0
2014-07-08,1,23.68000000,0E-8,2.2.0
2014-07-13,2,25.19000000,0E-8,2.2.0
2014-07-16,1,4.82000000,0E-8,2.2.0
2014-07-19,1,3.63000000,0.29000000,2.2.0
2014-07-24,1,23.68000000,0E-8,2.2.0
2014-08-02,1,3.20000000,0E-8,2.2.0
2014-08-15,1,3.43000000,0E-8,2.2.0
2014-08-21,1,6.32000000,0E-8,2.2.0
2014-08-23,1,4.24000000,0E-8,2.2.0
2014-09-01,1,11.75000000,0E-8,2.2.0
2014-09-05,1,3.05000000,0E-8,2.2.0
2014-09-18,1,3.60000000,0E-8,2.2.0
2014-09-23,1,1.04000000,0E-8,2.2.0
2014-09-24,2,10.74000000,0.08000000,2.2.0
2014-09-25,1,4.67000000,0E-8,2.2.0
2014-10-14,1,5.68000000,4.15000000,2.2.0
2015-01-01,4,19.57000000,0E-8,2.2.0
2015-01-02,3,22.56000000,0.81000000,2.2.0
2015-01-03,2,5.34000000,0E-8,2.2.0
2015-01-04,3,16.16000000,0E-8,2.2.0
2015-01-05,2,13.45000000,0E-8,2.2.0
2015-01-06,2,6.08000000,0E-8,2.2.0
2015-01-07,2,18.06000000,0E-8,2.2.0
2015-01-08,2,10.50000000,4.29000000,2.2.0
2015-01-09,3,38.66000000,0E-8,2.2.0
2015-01-10,3,11.13000000,0E-8,2.2.0
2015-01-11,1,5.15000000,7.50000000,2.2.0
2015-01-12,3,21.60000000,0E-8,2.2.0
2015-01-13,2,9.01000000,0E-8,2.2.0
2015-01-14,2,13.91000000,1.13000000,2.2.0
2015-01-15,2,16.57000000,0E-8,2.2.0
2015-01-16,3,10.45000000,0E-8,2.2.0
2015-01-17,5,28.61000000,0.95000000,2.2.0
2015-01-18,1,23.68000000,0E-8,2.2.0
2015-01-19,1,7.28000000,0E-8,2.2.0
2015-01-20,2,28.00000000,0E-8,2.2.0
2015-01-21,1,4.91000000,0E-8,2.2.0
2015-01-22,1,2.13000000,0E-8,2.2.0
2015-01-23,1,6.04000000,0E-8,2.2.0
2015-01-24,5,39.43000000,0E-8,2.2.0
2015-01-25,1,6.23000000,0E-8,2.2.0
2015-01-26,4,16.63000000,0E-8,2.2.0
2015-01-27,1,3.74000000,0E-8,2.2.0
2015-01-28,4,19.21000000,0.81000000,2.2.0
2015-02-01,3,30.66000000,0.22000000,2.2.0
2015-02-02,4,27.16000000,0E-8,2.2.0
2015-02-03,1,8.87000000,0E-8,2.2.0
2015-02-04,5,13.08000000,0E-8,2.2.0
2015-02-05,6,27.29000000,7.50000000,2.2.0
2015-02-06,3,47.63000000,0E-8,2.2.0
2015-02-07,3,20.11000000,0E-8,2.2.0
2015-02-08,1,2.79000000,0E-8,2.2.0
2015-02-10,5,39.12000000,0E-8,2.2.0
2015-02-11,2,12.94000000,0E-8,2.2.0
2015-02-12,4,27.85000000,0E-8,2.2.0
2015-02-13,4,39.98000000,0E-8,2.2.0
2015-02-14,2,6.31000000,0E-8,2.2.0
2015-02-15,5,29.60000000,0E-8,2.2.0
2015-02-16,4,20.88000000,0E-8,2.2.0
2015-02-17,3,12.67000000,0E-8,2.2.0
2015-02-18,2,4.86000000,0E-8,2.2.0
2015-02-19,2,10.75000000,0E-8,2.2.0
2015-02-20,6,66.39000000,0.30000000,2.2.0
2015-02-21,2,24.06000000,0E-8,2.2.0
2015-02-22,3,32.70000000,0E-8,2.2.0
2015-02-23,4,71.15000000,0E-8,2.2.0
2015-02-24,2,15.99000000,0E-8,2.2.0
2015-02-25,2,15.25000000,0E-8,2.2.0
2015-02-26,3,38.68000000,0E-8,2.2.0
2015-02-27,1,2.81000000,0E-8,2.2.0
2015-02-28,2,33.25000000,0E-8,2.2.0
2015-03-01,11,72.54000000,1.11000000,2.2.0
2015-03-02,10,87.19000000,1.05000000,2.2.0
2015-03-03,11,83.26000000,0.27000000,2.2.0
2015-03-04,7,43.14000000,0.23000000,2.2.0
2015-03-05,7,34.19000000,0E-8,2.2.0
2015-03-06,10,78.34000000,1.73000000,2.2.0
2015-03-07,5,45.98000000,0.49000000,2.2.0
2015-03-08,10,56.23000000,0E-8,2.2.0
2015-03-09,7,51.96000000,0.41000000,2.2.0
2015-03-10,9,78.93000000,0E-8,2.2.0
2015-03-11,11,67.41000000,6.23000000,2.2.0
2015-03-12,14,90.04000000,1.33000000,2.2.0
2015-03-13,9,65.87000000,4.26000000,2.2.0
2015-03-14,12,76.88000000,0E-8,2.2.0
2015-03-15,7,62.34000000,0E-8,2.2.0
2015-03-16,11,83.01000000,0.68000000,2.2.0
2015-03-17,10,68.60000000,0.19000000,2.2.0
2015-03-18,7,61.16000000,1.91000000,2.2.0
2015-03-19,11,117.64000000,1.40000000,2.2.0
2015-03-20,8,80.00000000,0.82000000,2.2.0
2015-03-21,6,29.54000000,0E-8,2.2.0
2015-03-22,6,36.77000000,0E-8,2.2.0
2015-03-23,7,66.32000000,1.95000000,2.2.0
2015-03-24,12,103.80000000,1.45000000,2.2.0
2015-03-25,9,52.16000000,8.90000000,2.2.0
2015-03-26,9,46.90000000,0.46000000,2.2.0
2015-03-27,11,75.44000000,0.58000000,2.2.0
2015-03-28,7,27.98000000,0E-8,2.2.0
2015-04-01,20,202.66000000,8.20000000,2.2.0
2015-04-02,11,113.87000000,2.52000000,2.2.0
2015-04-03,24,165.58000000,11.29000000,2.2.0
2015-04-04,12,87.45000000,0.25000000,2.2.0
2015-04-05,13,66.99000000,8.59000000,2.2.0
2015-04-06,15,135.18000000,1.54000000,2.2.0
2015-04-07,10,42.80000000,0.58000000,2.2.0
2015-04-08,13,77.08000000,8.65000000,2.2.0
2015-04-09,17,127.26000000,0.29000000,2.2.0
2015-04-10,6,47.47000000,0E-8,2.2.0
2015-04-11,10,68.63000000,0E-8,2.2.0
2015-04-12,19,133.70000000,18.23000000,2.2.0
2015-04-13,7,38.13000000,0E-8,2.2.0
2015-04-14,15,104.80000000,0.16000000,2.2.0
2015-04-15,10,79.22000000,0.92000000,2.2.0
2015-04-16,14,59.82000000,3.13000000,2.2.0
2015-04-17,17,119.17000000,3.83000000,2.2.0
2015-04-18,5,17.99000000,0E-8,2.2.0
2015-04-19,12,118.10000000,0.78000000,2.2.0
2015-04-20,16,101.62000000,0E-8,2.2.0
2015-04-21,14,139.62000000,1.96000000,2.2.0
2015-04-22,10,79.60000000,0E-8,2.2.0
2015-04-23,15,112.41000000,7.18000000,2.2.0
2015-04-24,14,98.61000000,10.48000000,2.2.0
2015-04-25,11,82.41000000,1.38000000,2.2.0
2015-04-26,8,52.55000000,0.12000000,2.2.0
2015-04-27,21,203.49000000,14.75000000,2.2.0
2015-04-28,8,66.57000000,0E-8,2.2.0
2015-05-01,17,187.70000000,7.50000000,2.2.0
2015-05-02,20,132.83000000,3.64000000,2.2.0
2015-05-03,22,177.92000000,3.35000000,2.2.0
2015-05-04,14,92.77000000,0.79000000,2.2.0
2015-05-05,24,116.90000000,10.23000000,2.2.0
2015-05-06,17,124.76000000,0.91000000,2.2.0
2015-05-07,18,124.85000000,0.79000000,2.2.0
2015-05-08,17,121.92000000,0.48000000,2.2.0
2015-05-09,24,191.71000000,0E-8,2.2.0
2015-05-10,12,97.53000000,3.22000000,2.2.0
2015-05-11,18,129.20000000,10.55000000,2.2.0
2015-05-12,12,88.87000000,8.22000000,2.2.0
2015-05-13,18,153.36000000,6.33000000,2.2.0
2015-05-14,21,144.79000000,4.19000000,2.2.0
2015-05-15,12,99.96000000,0.67000000,2.2.0
2015-05-16,22,117.82000000,0.33000000,2.2.0
2015-05-17,12,123.02000000,0E-8,2.2.0
2015-05-18,14,134.43000000,0.51000000,2.2.0
2015-05-19,16,185.26000000,3.31000000,2.2.0
2015-05-20,16,90.71000000,5.57000000,2.2.0
2015-05-21,28,204.87000000,2.27000000,2.2.0
2015-05-22,16,79.07000000,1.23000000,2.2.0
2015-05-23,19,134.02000000,1.89000000,2.2.0
2015-05-24,23,139.81000000,7.95000000,2.2.0
2015-05-25,21,158.30000000,10.30000000,2.2.0
2015-05-26,20,134.00000000,3.02000000,2.2.0
2015-05-27,13,86.75000000,0.83000000,2.2.0
2015-05-28,23,152.03000000,8.47000000,2.2.0
2015-06-01,16,122.73000000,0.40000000,2.2.0
2015-06-02,26,171.58000000,0.22000000,2.2.0
2015-06-03,20,156.35000000,11.39000000,2.2.0
2015-06-04,14,126.72000000,0.46000000,2.2.0
2015-06-05,21,202.85000000,0.78000000,2.2.0
2015-06-06,36,330.10000000,2.27000000,2.2.0
2015-06-07,29,202.27000000,10.08000000,2.2.0
2015-06-08,16,86.86000000,0.36000000,2.2.0
2015-06-09,24,179.32000000,1.72000000,2.2.0
2015-06-10,17,164.85000000,1.48000000,2.2.0
2015-06-11,16,159.97000000,1.10000000,2.2.0
2015-06-12,12,68.06000000,7.78000000,2.2.0
2015-06-13,34,269.59000000,10.65000000,2.2.0
2015-06-14,29,282.69000000,6.23000000,2.2.0
2015-06-15,24,165.37000000,0.28000000,2.2.0
2015-06-16,18,118.00000000,7.95000000,2.2.0
2015-06-17,20,135.99000000,0.60000000,2.2.0
2015-06-18,17,118.75000000,5.84000000,2.2.0
2015-06-19,21,132.84000000,0.21000000,2.2.0
2015-06-20,20,107.14000000,5.11000000,2.2.0
2015-06-21,21,202.37000000,5.12000000,2.2.0
2015-06-22,20,163.54000000,0E-8,2.2.0
2015-06-23,21,90.98000000,0E-8,2.2.0
2015-06-24,18,76.57000000,8.32000000,2.2.0
2015-06-25,20,167.77000000,0.63000000,2.2.0
2015-06-26,20,144.19000000,2.81000000,2.2.0
2015-06-27,17,140.75000000,4.84000000,2.2.0
2015-06-28,24,176.75000000,15.18000000,2.2.0
2015-07-01,26,211.99000000,2.44000000,2.2.0
2015-07-02,36,222.08000000,3.96000000,2.2.0
2015-07-03,38,204.53000000,6.36000000,2.2.0
2015-07-04,33,203.69000000,0E-8,2.2.0
2015-07-05,22,193.26000000,1.00000000,2.2.0
2015-07-06,27,178.51000000,10.64000000,2.2.0
2015-07-07,29,193.36000000,3.39000000,2.2.0
2015-07-08,23,211.68000000,17.72000000,2.2.0
2015-07-09,32,246.87000000,10.39000000,2.2.0
2015-07-10,35,267.64000000,10.57000000,2.2.0
2015-07-11,29,227.92000000,0.65000000,2.2.0
2015-07-12,33,203.74000000,3.94000000,2.2.0
2015-07-13,25,203.81000000,8.32000000,2.2.0
2015-07-14,22,162.83000000,12.87000000,2.2.0
2015-07-15,24,176.62000000,14.33000000,2.2.0
2015-07-16,35,260.04000000,16.90000000,2.2.0
2015-07-17,26,197.53000000,8.36000000,2.2.0
2015-07-18,28,172.74000000,15.80000000,2.2.0
2015-07-19,40,217.06000000,1.55000000,2.2.0
2015-07-20,42,312.64000000,13.81000000,2.2.0
2015-07-21,34,205.95000000,2.12000000,2.2.0
2015-07-22,30,221.05000000,1.52000000,2.2.0
2015-07-23,31,196.31000000,1.68000000,2.2.0
2015-07-24,31,243.73000000,8.61000000,2.2.0
2015-07-25,28,192.14000000,13.88000000,2.2.0
2015-07-26,34,216.56000000,3.53000000,2.2.0
2015-07-27,22,186.09000000,7.58000000,2.2.0
2015-07-28,26,231.83000000,0.66000000,2.2.0
2015-08-01,25,148.21000000,1.24000000,2.2.0
2015-08-02,38,258.61000000,13.01000000,2.2.0
2015-08-03,36,243.66000000,11.27000000,2.2.0
2015-08-04,45,282.24000000,14.96000000,2.2.0
2015-08-05,32,240.81000000,2.12000000,2.2.0
2015-08-06,26,210.10000000,4.62000000,2.2.0
2015-08-07,34,222.12000000,8.00000000,2.2.0
2015-08-08,30,243.62000000,10.85000000,2.2.0
2015-08-09,33,273.88000000,7.81000000,2.2.0
2015-08-10,28,199.67000000,6.74000000,2.2.0
2015-08-11,40,271.68000000,2.72000000,2.2.0
2015-08-12,24,174.02000000,25.33000000,2.2.0
2015-08-13,40,293.24000000,19.35000000,2.2.0
2015-08-14,34,221.41000000,6.38000000,2.2.0
2015-08-15,31,195.67000000,8.52000000,2.2.0
2015-08-16,41,352.97000000,9.31000000,2.2.0
2015-08-17,43,301.93000000,9.68000000,2.2.0
2015-08-18,32,235.23000000,1.45000000,2.2.0
2015-08-19,31,159.32000000,4.40000000,2.2.0
2015-08-20,36,298.06000000,5.26000000,2.2.0
2015-08-21,39,266.45000000,2.58000000,2.2.0
2015-08-22,27,194.33000000,0.60000000,2.2.0
2015-08-23,39,243.12000000,5.33000000,2.2.0
2015-08-24,35,245.23000000,9.46000000,2.2.0
2015-08-25,44,329.02000000,1.68000000,2.2.0
2015-08-26,32,241.65000000,0E-8,2.2.0
2015-08-27,37,248.47000000,2.66000000,2.2.0
2015-08-28,40,306.32000000,13.30000000,2.2.0
2015-09-01,47,320.77000000,0.96000000,2.2.0
2015-09-02,30,263.83000000,1.65000000,2.2.0
2015-09-03,38,224.09000000,3.37000000,2.2.0
2015-09-04,41,258.20000000,9.84000000,2.2.0
2015-09-05,37,290.89000000,2.90000000,2.2.0
2015-09-06,39,299.62000000,8.52000000,2.2.0
2015-09-07,41,320.37000000,7.05000000,2.2.0
2015-09-08,40,330.91000000,25.33000000,2.2.0
2015-09-09,30,212.41000000,7.34000000,2.2.0
2015-09-10,44,302.22000000,4.73000000,2.2.0
2015-09-11,45,318.50000000,5.04000000,2.2.0
2015-09-12,32,226.94000000,8.87000000,2.2.0
2015-09-13,51,391.84000000,19.86000000,2.2.0
2015-09-14,40,265.47000000,13.98000000,2.2.0
2015-09-15,47,336.17000000,26.44000000,2.2.0
2015-09-16,37,303.67000000,11.02000000,2.2.0
2015-09-17,39,236.05000000,0.54000000,2.2.0
2015-09-18,37,283.20000000,2.70000000,2.2.0
2015-09-19,38,296.28000000,1.95000000,2.2.0
2015-09-20,46,373.89000000,7.28000000,2.2.0
2015-09-21,38,287.37000000,0.90000000,2.2.0
2015-09-22,52,354.31000000,10.31000000,2.2.0
2015-09-23,43,328.48000000,4.17000000,2.2.0
2015-09-24,32,265.27000000,1.71000000,2.2.0
2015-09-25,38,266.02000000,8.86000000,2.2.0
2015-09-26,43,281.63000000,2.95000000,2.2.0
2015-09-27,34,237.70000000,8.91000000,2.2.0
2015-09-28,25,217.96000000,6.03000000,2.2.0
2015-10-01,4,23.31000000,0E-8,2.2.0
2015-10-02,6,28.95000000,0E-8,2.2.0
2015-10-03,5,50.57000000,0.03000000,2.2.0
2015-10-04,9,65.57000000,2.06000000,2.2.0
2015-10-05,7,57.24000000,8.11000000,2.2.0
2015-10-06,4,36.39000000,0.19000000,2.2.0
2015-10-07,5,35.73000000,0E-8,2.2.0
2015-10-08,7,46.39000000,0E-8,2.2.0
2015-10-09,2,11.60000000,0.33000000,2.2.0
2015-10-10,2,12.72000000,0E-8,2.2.0
2015-10-11,4,22.33000000,0E-8,2.2.0
2015-10-12,2,5.79000000,0.43000000,2.2.0
2015-10-13,5,33.37000000,0E-8,2.2.0
2015-10-14,7,38.49000000,0E-8,2.2.0
2015-10-15,2,31.72000000,0E-8,2.2.0
2015-10-16,9,53.49000000,0E-8,2.2.0
2015-10-17,3,29.80000000,2.17000000,2.2.0
2015-10-18,3,22.39000000,0E-8,2.2.0
2015-10-19,5,27.00000000,0E-8,2.2.0
2015-10-20,6,48.86000000,0.89000000,2.2.0
2015-10-21,9,46.48000000,8.57000000,2.2.0
2015-10-22,3,14.56000000,0.29000000,2.2.0
2015-10-23,3,23.49000000,6.21000000,2.2.0
2015-10-24,3,12.08000000,0E-8,2.2.0
2015-10-25,7,43.09000000,0E-8,2.2.0
2015-10-26,10,78.98000000,8.08000000,2.2.0
2015-10-27,6,25.80000000,7.50000000,2.2.0
2015-10-28,3,19.30000000,0E-8,2.2.0
2015-11-03,1,3.90000000,0E-8,2.2.0
2015-11-04,1,7.19000000,0E-8,2.2.0
2015-11-05,1,3.44000000,0E-8,2.2.0
2015-11-06,1,4.01000000,0E-8,2.2.0
2015-11-08,1,3.72000000,0E-8,2.2.0
2015-11-09,1,5.58000000,7.50000000,2.2.0
2015-11-10,1,4.36000000,0E-8,2.2.0
2015-11-11,1,6.40000000,0E-8,2.2.0
2015-11-12,1,6.72000000,0E-8,2.2.0
2015-11-13,1,6.04000000,0E-8,2.2.0
2015-11-14,1,1.87000000,0E-8,2.2.0
2015-11-17,1,1.38000000,0E-8,2.2.0
2015-11-18,2,6.22000000,0.10000000,2.2.0
2015-11-19,2,10.09000000,0E-8,2.2.0
2015-11-20,1,1.44000000,0E-8,2.2.0
2015-11-21,1,3.31000000,0E-8,2.2.0
2015-11-23,1,0.17000000,0E-8,2.2.0
2015-11-24,2,17.38000000,0.43000000,2.2.0
2015-12-01,1,6.60000000,0E-8,2.2.0
2015-12-02,1,6.95000000,0E-8,2.2.0
2015-12-04,1,3.62000000,0E-8,2.2.0
2015-12-05,1,1.89000000,0E-8,2.2.0
2015-12-06,1,10.70000000,0E-8,2.2.0
2015-12-08,1,8.16000000,0E-8,2.2.0
2015-12-09,2,17.49000000,0E-8,2.2.0
2015-12-15,1,6.92000000,0E-8,2.2.0
2015-12-18,1,5.53000000,0E-8,2.2.0
2015-12-22,1,4.37000000,0E-8,2.2.0
2015-12-24,4,34.97000000,0E-8,2.2.0
2015-12-25,1,1.83000000,0E-8,2.2.0
2015-12-26,1,1.46000000,0.23000000,2.2.0
2015-12-27,1,7.20000000,0E-8,2.2.0
2015-12-28,1,1.49000000,0E-8,2.2.0
