data_date,record_count,session_count,average_soc,average_current,average_voltage,average_max_temperature,data_version
2014-01-24,1,1,45.60000000,-22.50000000,330.60000000,33.70000000,2.2.0
2014-03-13,1,1,57.50000000,-22.50000000,356.70000000,33.00000000,2.2.0
2014-05-05,1,1,26.10000000,-22.50000000,354.30000000,37.00000000,2.2.0
2014-05-08,1,1,64.30000000,-22.50000000,329.20000000,36.10000000,2.2.0
2014-05-20,1,1,41.60000000,-22.50000000,330.80000000,37.00000000,2.2.0
2014-05-22,1,1,32.50000000,-61.40000000,340.70000000,34.60000000,2.2.0
2014-06-07,1,1,27.60000000,-22.50000000,340.30000000,37.00000000,2.2.0
2014-06-16,1,1,42.20000000,-22.50000000,328.60000000,34.50000000,2.2.0
2014-06-20,1,1,71.70000000,-22.50000000,329.40000000,34.10000000,2.2.0
2014-07-01,1,1,37.00000000,-22.50000000,354.30000000,37.00000000,2.2.0
2014-07-13,2,2,53.55000000,-22.50000000,344.50000000,33.45000000,2.2.0
2014-07-19,1,1,71.90000000,-22.50000000,333.70000000,35.80000000,2.2.0
2014-07-24,1,1,21.80000000,-22.50000000,328.80000000,32.90000000,2.2.0
2014-08-15,1,1,38.30000000,-22.50000000,332.10000000,32.10000000,2.2.0
2014-08-21,1,1,23.40000000,-22.50000000,334.50000000,33.80000000,2.2.0
2014-09-18,1,1,69.10000000,-22.50000000,328.40000000,33.00000000,2.2.0
2014-09-24,2,2,51.85000000,-22.50000000,340.80000000,36.50000000,2.2.0
2015-01-01,2,2,46.35000000,-22.50000000,342.35000000,37.00000000,2.2.0
2015-01-02,1,1,21.20000000,-22.50000000,341.80000000,36.00000000,2.2.0
2015-01-04,1,1,64.80000000,-22.50000000,354.90000000,35.40000000,2.2.0
2015-01-05,1,1,39.20000000,-22.50000000,327.20000000,37.00000000,2.2.0
2015-01-06,1,1,73.10000000,-22.50000000,327.70000000,37.00000000,2.2.0
2015-01-07,1,1,38.90000000,-22.50000000,354.90000000,33.00000000,2.2.0
2015-01-08,1,1,66.00000000,-39.40000000,353.60000000,36.00000000,2.2.0
2015-01-09,2,2,37.35000000,-28.35000000,339.85000000,36.50000000,2.2.0
2015-01-11,1,1,67.60000000,-22.50000000,352.50000000,36.10000000,2.2.0
2015-01-12,3,3,29.30000000,-22.50000000,338.40000000,35.87000000,2.2.0
2015-01-13,1,1,70.70000000,-22.50000000,339.80000000,37.00000000,2.2.0
2015-01-14,1,1,23.30000000,-22.50000000,342.00000000,33.00000000,2.2.0
2015-01-15,1,1,51.60000000,-22.50000000,335.70000000,34.40000000,2.2.0
2015-01-16,2,2,28.95000000,-22.50000000,328.75000000,33.00000000,2.2.0
2015-01-17,1,1,64.70000000,-22.50000000,357.70000000,32.20000000,2.2.0
2015-01-18,1,1,58.40000000,-22.50000000,334.10000000,33.90000000,2.2.0
2015-01-19,1,1,59.90000000,-22.50000000,327.60000000,34.90000000,2.2.0
2015-01-20,1,1,71.30000000,-22.50000000,328.40000000,36.00000000,2.2.0
2015-01-21,1,1,43.30000000,-22.50000000,354.90000000,37.00000000,2.2.0
2015-01-23,1,1,41.20000000,-22.50000000,347.30000000,36.00000000,2.2.0
2015-01-24,1,1,49.20000000,-22.50000000,332.90000000,35.60000000,2.2.0
2015-01-26,2,2,24.65000000,-29.70000000,339.40000000,33.35000000,2.2.0
2015-01-28,3,3,40.53000000,-22.50000000,348.07000000,36.67000000,2.2.0
2015-02-02,1,1,66.50000000,-22.50000000,358.70000000,36.60000000,2.2.0
2015-02-04,3,3,46.63000000,-22.50000000,342.10000000,36.33000000,2.2.0
2015-02-05,3,3,44.53000000,-38.93000000,332.93000000,36.67000000,2.2.0
2015-02-06,3,3,41.37000000,-22.50000000,335.10000000,34.33000000,2.2.0
2015-02-07,1,1,48.90000000,-22.50000000,325.30000000,37.00000000,2.2.0
2015-02-08,1,1,16.90000000,-22.50000000,331.10000000,35.60000000,2.2.0
2015-02-10,5,5,41.10000000,-28.60000000,344.66000000,35.30000000,2.2.0
2015-02-12,1,1,35.80000000,-22.50000000,353.50000000,33.00000000,2.2.0
2015-02-13,1,1,57.40000000,-22.50000000,355.30000000,34.30000000,2.2.0
2015-02-14,2,2,55.80000000,-22.50000000,336.20000000,34.50000000,2.2.0
2015-02-15,2,2,55.10000000,-22.50000000,335.75000000,35.35000000,2.2.0
2015-02-16,3,3,59.80000000,-32.30000000,344.63000000,35.67000000,2.2.0
2015-02-17,2,2,38.00000000,-22.50000000,351.60000000,35.25000000,2.2.0
2015-02-18,2,2,25.60000000,-22.50000000,337.40000000,34.00000000,2.2.0
2015-02-19,2,2,33.40000000,-22.50000000,328.95000000,34.90000000,2.2.0
2015-02-20,4,4,34.48000000,-22.50000000,350.70000000,34.75000000,2.2.0
2015-02-21,1,1,73.40000000,-22.50000000,327.70000000,33.00000000,2.2.0
2015-02-22,2,2,54.35000000,-22.50000000,341.50000000,34.15000000,2.2.0
2015-02-23,1,1,23.10000000,-27.70000000,337.50000000,34.40000000,2.2.0
2015-02-24,1,1,66.30000000,-22.50000000,351.70000000,33.00000000,2.2.0
2015-02-25,2,2,36.15000000,-22.50000000,337.20000000,33.40000000,2.2.0
2015-02-27,1,1,23.60000000,-22.50000000,343.30000000,33.20000000,2.2.0
2015-02-28,2,2,51.30000000,-22.50000000,342.10000000,34.95000000,2.2.0
2015-03-01,5,5,41.40000000,-32.02000000,348.44000000,35.18000000,2.2.0
2015-03-02,6,6,50.20000000,-22.50000000,337.97000000,34.65000000,2.2.0
2015-03-03,7,7,42.07000000,-22.50000000,335.96000000,35.10000000,2.2.0
2015-03-04,4,4,39.63000000,-22.50000000,338.23000000,34.48000000,2.2.0
2015-03-05,5,5,41.56000000,-22.50000000,342.96000000,35.38000000,2.2.0
2015-03-06,4,4,49.42000000,-22.50000000,342.35000000,34.00000000,2.2.0
2015-03-07,3,3,45.90000000,-22.50000000,335.37000000,33.13000000,2.2.0
2015-03-08,5,5,51.46000000,-22.50000000,335.68000000,35.16000000,2.2.0
2015-03-09,1,1,29.50000000,-22.50000000,348.00000000,37.00000000,2.2.0
2015-03-10,1,1,19.70000000,-22.50000000,356.70000000,37.00000000,2.2.0
2015-03-11,7,7,51.87000000,-22.50000000,335.93000000,34.07000000,2.2.0
2015-03-12,6,6,43.50000000,-28.07000000,334.73000000,35.62000000,2.2.0
2015-03-13,2,2,47.60000000,-22.50000000,330.40000000,37.00000000,2.2.0
2015-03-14,7,7,44.29000000,-28.39000000,340.06000000,34.80000000,2.2.0
2015-03-15,2,2,54.05000000,-22.50000000,326.55000000,35.75000000,2.2.0
2015-03-16,7,7,48.76000000,-25.13000000,335.89000000,35.53000000,2.2.0
2015-03-17,5,5,39.36000000,-22.50000000,336.66000000,35.52000000,2.2.0
2015-03-18,4,4,25.03000000,-22.50000000,346.98000000,35.38000000,2.2.0
2015-03-19,4,4,63.60000000,-22.50000000,349.20000000,35.55000000,2.2.0
2015-03-20,2,2,33.90000000,-22.50000000,340.90000000,34.80000000,2.2.0
2015-03-21,1,1,15.60000000,-22.50000000,332.00000000,35.20000000,2.2.0
2015-03-22,4,4,45.08000000,-22.50000000,343.70000000,36.50000000,2.2.0
2015-03-23,5,5,47.14000000,-26.98000000,333.96000000,34.06000000,2.2.0
2015-03-24,4,4,43.78000000,-22.50000000,329.25000000,35.88000000,2.2.0
2015-03-25,2,2,59.15000000,-22.50000000,328.80000000,34.30000000,2.2.0
2015-03-26,4,4,40.77000000,-22.50000000,330.68000000,36.67000000,2.2.0
2015-03-27,4,4,54.45000000,-22.50000000,332.53000000,34.92000000,2.2.0
2015-03-28,3,3,48.87000000,-35.77000000,331.53000000,35.03000000,2.2.0
2015-04-01,11,11,48.61000000,-22.50000000,337.05000000,34.39000000,2.2.0
2015-04-02,5,5,45.66000000,-22.50000000,344.96000000,35.04000000,2.2.0
2015-04-03,16,16,41.09000000,-22.50000000,337.73000000,34.60000000,2.2.0
2015-04-04,7,7,54.01000000,-22.50000000,336.27000000,36.31000000,2.2.0
2015-04-05,8,8,45.02000000,-22.50000000,340.64000000,36.08000000,2.2.0
2015-04-06,6,6,49.43000000,-30.57000000,345.55000000,35.17000000,2.2.0
2015-04-07,6,6,34.50000000,-22.50000000,339.75000000,34.43000000,2.2.0
2015-04-08,4,4,45.42000000,-22.50000000,333.07000000,34.65000000,2.2.0
2015-04-09,6,6,54.48000000,-23.28000000,337.53000000,34.27000000,2.2.0
2015-04-10,2,2,38.15000000,-22.50000000,342.30000000,34.00000000,2.2.0
2015-04-11,6,6,46.28000000,-30.87000000,337.82000000,35.70000000,2.2.0
2015-04-12,11,11,42.29000000,-27.99000000,335.91000000,36.06000000,2.2.0
2015-04-13,6,6,48.48000000,-22.50000000,337.90000000,35.72000000,2.2.0
2015-04-14,6,6,53.05000000,-22.50000000,332.83000000,34.97000000,2.2.0
2015-04-15,3,3,41.60000000,-22.50000000,332.47000000,36.33000000,2.2.0
2015-04-16,4,4,27.05000000,-22.50000000,334.38000000,36.75000000,2.2.0
2015-04-17,8,8,32.09000000,-22.50000000,329.26000000,35.76000000,2.2.0
2015-04-18,1,1,33.50000000,-22.50000000,348.20000000,33.00000000,2.2.0
2015-04-19,3,3,63.40000000,-22.50000000,327.23000000,34.60000000,2.2.0
2015-04-20,10,10,40.43000000,-22.50000000,338.57000000,35.41000000,2.2.0
2015-04-21,5,5,54.38000000,-22.50000000,332.00000000,35.42000000,2.2.0
2015-04-22,5,5,37.50000000,-22.50000000,337.76000000,35.82000000,2.2.0
2015-04-23,10,10,42.38000000,-22.50000000,335.95000000,36.12000000,2.2.0
2015-04-24,8,8,44.34000000,-22.50000000,334.14000000,34.31000000,2.2.0
2015-04-25,3,3,25.00000000,-22.50000000,332.90000000,34.57000000,2.2.0
2015-04-26,2,2,49.55000000,-22.50000000,330.25000000,33.65000000,2.2.0
2015-04-27,9,9,52.54000000,-22.50000000,333.43000000,35.24000000,2.2.0
2015-04-28,4,4,57.73000000,-22.50000000,335.15000000,35.67000000,2.2.0
2015-05-01,9,9,45.62000000,-23.68000000,337.18000000,34.79000000,2.2.0
2015-05-02,11,11,44.75000000,-25.45000000,333.73000000,35.05000000,2.2.0
2015-05-03,13,13,45.04000000,-22.96000000,335.25000000,35.66000000,2.2.0
2015-05-04,6,6,39.38000000,-22.50000000,341.68000000,35.38000000,2.2.0
2015-05-05,10,10,48.28000000,-24.53000000,337.87000000,36.20000000,2.2.0
2015-05-06,11,11,50.48000000,-22.50000000,340.60000000,35.06000000,2.2.0
2015-05-07,10,10,54.14000000,-22.50000000,332.95000000,35.67000000,2.2.0
2015-05-08,9,9,36.33000000,-22.50000000,332.41000000,36.10000000,2.2.0
2015-05-09,11,11,45.47000000,-22.50000000,337.75000000,34.61000000,2.2.0
2015-05-10,4,4,45.95000000,-22.50000000,340.12000000,35.15000000,2.2.0
2015-05-11,10,10,37.57000000,-22.50000000,338.99000000,34.41000000,2.2.0
2015-05-12,7,7,55.19000000,-25.53000000,341.06000000,34.61000000,2.2.0
2015-05-13,9,9,47.98000000,-22.50000000,337.11000000,35.10000000,2.2.0
2015-05-14,8,8,45.19000000,-28.30000000,337.23000000,35.94000000,2.2.0
2015-05-15,7,7,53.40000000,-25.50000000,343.51000000,35.11000000,2.2.0
2015-05-16,7,7,46.11000000,-22.50000000,341.37000000,36.04000000,2.2.0
2015-05-17,7,7,43.03000000,-22.50000000,332.50000000,36.07000000,2.2.0
2015-05-18,5,5,31.72000000,-22.50000000,330.44000000,36.40000000,2.2.0
2015-05-19,7,7,51.27000000,-24.84000000,334.64000000,35.91000000,2.2.0
2015-05-20,8,8,46.64000000,-22.50000000,338.80000000,35.62000000,2.2.0
2015-05-21,13,13,41.08000000,-23.78000000,338.06000000,34.98000000,2.2.0
2015-05-22,8,8,47.50000000,-22.50000000,339.45000000,35.85000000,2.2.0
2015-05-23,6,6,31.90000000,-22.50000000,336.25000000,35.65000000,2.2.0
2015-05-24,11,11,44.78000000,-26.89000000,334.37000000,36.10000000,2.2.0
2015-05-25,8,8,47.34000000,-22.50000000,339.19000000,34.14000000,2.2.0
2015-05-26,8,8,53.51000000,-23.64000000,336.96000000,34.73000000,2.2.0
2015-05-27,8,8,38.56000000,-25.75000000,337.31000000,35.45000000,2.2.0
2015-05-28,12,12,45.95000000,-22.50000000,337.80000000,34.62000000,2.2.0
2015-06-01,6,6,45.18000000,-22.50000000,334.80000000,35.02000000,2.2.0
2015-06-02,11,11,37.99000000,-23.17000000,339.52000000,35.22000000,2.2.0
2015-06-03,11,11,46.38000000,-22.50000000,344.07000000,34.54000000,2.2.0
2015-06-04,8,8,50.65000000,-25.10000000,335.66000000,35.51000000,2.2.0
2015-06-05,11,11,34.92000000,-29.55000000,337.05000000,35.05000000,2.2.0
2015-06-06,14,14,42.24000000,-22.50000000,335.92000000,35.74000000,2.2.0
2015-06-07,14,14,36.80000000,-22.50000000,336.19000000,35.11000000,2.2.0
2015-06-08,4,4,49.35000000,-22.50000000,333.00000000,35.27000000,2.2.0
2015-06-09,12,12,42.81000000,-27.27000000,341.56000000,36.05000000,2.2.0
2015-06-10,8,8,52.40000000,-27.69000000,340.07000000,35.54000000,2.2.0
2015-06-11,9,9,55.53000000,-22.50000000,336.99000000,35.99000000,2.2.0
2015-06-12,5,5,55.40000000,-22.50000000,332.02000000,35.30000000,2.2.0
2015-06-13,18,18,51.65000000,-25.66000000,341.04000000,35.14000000,2.2.0
2015-06-14,9,9,52.47000000,-22.50000000,341.50000000,34.92000000,2.2.0
2015-06-15,10,10,45.68000000,-25.49000000,342.23000000,34.79000000,2.2.0
2015-06-16,8,8,37.74000000,-23.57000000,336.64000000,35.56000000,2.2.0
2015-06-17,12,12,36.28000000,-24.68000000,339.70000000,35.10000000,2.2.0
2015-06-18,4,4,44.75000000,-22.50000000,346.55000000,34.98000000,2.2.0
2015-06-19,9,9,50.06000000,-22.50000000,341.72000000,35.17000000,2.2.0
2015-06-20,12,12,51.73000000,-22.50000000,335.73000000,35.17000000,2.2.0
2015-06-21,10,10,51.83000000,-24.94000000,341.69000000,34.91000000,2.2.0
2015-06-22,6,6,48.75000000,-22.50000000,346.83000000,35.38000000,2.2.0
2015-06-23,7,7,39.54000000,-26.87000000,331.51000000,34.97000000,2.2.0
2015-06-24,9,9,47.08000000,-26.17000000,334.30000000,34.26000000,2.2.0
2015-06-25,8,8,49.30000000,-22.50000000,343.34000000,34.71000000,2.2.0
2015-06-26,9,9,50.94000000,-22.50000000,333.07000000,35.72000000,2.2.0
2015-06-27,10,10,58.47000000,-26.95000000,341.85000000,34.78000000,2.2.0
2015-06-28,14,14,46.70000000,-22.50000000,338.32000000,35.39000000,2.2.0
2015-07-01,15,15,37.77000000,-22.50000000,339.75000000,35.73000000,2.2.0
2015-07-02,21,21,48.30000000,-24.29000000,337.74000000,34.70000000,2.2.0
2015-07-03,13,13,42.84000000,-25.60000000,335.95000000,35.38000000,2.2.0
2015-07-04,16,16,35.87000000,-25.43000000,336.96000000,35.73000000,2.2.0
2015-07-05,11,11,50.27000000,-25.85000000,342.31000000,36.25000000,2.2.0
2015-07-06,12,12,51.75000000,-28.93000000,339.68000000,35.28000000,2.2.0
2015-07-07,8,8,47.19000000,-22.50000000,346.21000000,34.36000000,2.2.0
2015-07-08,7,7,55.11000000,-22.50000000,336.31000000,35.03000000,2.2.0
2015-07-09,19,19,55.46000000,-22.50000000,334.95000000,35.96000000,2.2.0
2015-07-10,18,18,42.28000000,-22.50000000,340.86000000,35.79000000,2.2.0
2015-07-11,11,11,43.95000000,-22.50000000,338.91000000,35.36000000,2.2.0
2015-07-12,10,10,45.25000000,-27.51000000,337.37000000,34.63000000,2.2.0
2015-07-13,12,12,45.85000000,-22.50000000,336.50000000,35.15000000,2.2.0
2015-07-14,8,8,37.95000000,-22.50000000,338.96000000,35.00000000,2.2.0
2015-07-15,13,13,41.63000000,-23.22000000,337.78000000,35.10000000,2.2.0
2015-07-16,20,20,37.74000000,-23.25000000,338.06000000,34.94000000,2.2.0
2015-07-17,14,14,42.64000000,-22.50000000,333.76000000,35.96000000,2.2.0
2015-07-18,10,10,50.40000000,-24.04000000,337.93000000,35.21000000,2.2.0
2015-07-19,17,17,45.35000000,-26.48000000,337.85000000,35.03000000,2.2.0
2015-07-20,15,15,41.05000000,-22.50000000,334.77000000,35.16000000,2.2.0
2015-07-21,17,17,47.47000000,-24.95000000,339.32000000,35.26000000,2.2.0
2015-07-22,15,15,41.60000000,-22.50000000,337.76000000,34.71000000,2.2.0
2015-07-23,17,17,41.13000000,-23.64000000,339.73000000,35.62000000,2.2.0
2015-07-24,14,14,31.03000000,-22.50000000,335.24000000,35.93000000,2.2.0
2015-07-25,16,16,51.63000000,-25.77000000,337.61000000,34.85000000,2.2.0
2015-07-26,18,18,36.84000000,-22.50000000,342.14000000,35.23000000,2.2.0
2015-07-27,9,9,41.92000000,-22.50000000,338.42000000,35.68000000,2.2.0
2015-07-28,9,9,47.36000000,-25.53000000,338.20000000,36.43000000,2.2.0
2015-08-01,11,11,43.47000000,-25.48000000,336.06000000,35.15000000,2.2.0
2015-08-02,15,15,49.59000000,-22.50000000,336.35000000,35.09000000,2.2.0
2015-08-03,13,13,42.85000000,-24.65000000,338.98000000,35.62000000,2.2.0
2015-08-04,20,20,46.37000000,-25.08000000,336.47000000,35.42000000,2.2.0
2015-08-05,21,21,43.45000000,-22.50000000,335.95000000,35.60000000,2.2.0
2015-08-06,10,10,51.67000000,-25.63000000,336.71000000,35.81000000,2.2.0
2015-08-07,12,12,42.85000000,-23.49000000,339.51000000,35.14000000,2.2.0
2015-08-08,15,15,53.29000000,-27.09000000,341.86000000,35.71000000,2.2.0
2015-08-09,13,13,46.15000000,-28.27000000,339.41000000,35.06000000,2.2.0
2015-08-10,9,9,41.99000000,-23.92000000,335.14000000,35.32000000,2.2.0
2015-08-11,15,15,43.24000000,-22.50000000,337.17000000,35.44000000,2.2.0
2015-08-12,14,14,42.11000000,-23.54000000,337.54000000,35.66000000,2.2.0
2015-08-13,20,20,46.63000000,-22.50000000,338.88000000,35.58000000,2.2.0
2015-08-14,13,13,40.64000000,-22.50000000,336.83000000,34.92000000,2.2.0
2015-08-15,12,12,47.17000000,-28.50000000,336.29000000,35.33000000,2.2.0
2015-08-16,15,15,45.87000000,-22.50000000,334.73000000,35.24000000,2.2.0
2015-08-17,21,21,46.48000000,-26.01000000,338.42000000,35.13000000,2.2.0
2015-08-18,14,14,34.21000000,-22.50000000,336.14000000,35.21000000,2.2.0
2015-08-19,18,18,44.38000000,-22.50000000,337.98000000,35.17000000,2.2.0
2015-08-20,16,16,42.84000000,-24.87000000,338.27000000,34.99000000,2.2.0
2015-08-21,22,22,46.27000000,-24.60000000,335.85000000,35.63000000,2.2.0
2015-08-22,11,11,41.93000000,-26.39000000,334.33000000,35.82000000,2.2.0
2015-08-23,15,15,35.03000000,-27.23000000,335.84000000,35.21000000,2.2.0
2015-08-24,19,19,45.59000000,-24.95000000,339.39000000,35.20000000,2.2.0
2015-08-25,18,18,40.39000000,-22.50000000,336.88000000,34.73000000,2.2.0
2015-08-26,10,10,40.35000000,-28.07000000,341.10000000,36.11000000,2.2.0
2015-08-27,19,19,43.97000000,-22.50000000,336.31000000,35.61000000,2.2.0
2015-08-28,19,19,49.44000000,-22.50000000,335.34000000,35.09000000,2.2.0
2015-09-01,28,28,45.50000000,-22.50000000,339.97000000,34.91000000,2.2.0
2015-09-02,12,12,48.39000000,-23.57000000,333.27000000,36.04000000,2.2.0
2015-09-03,22,22,49.45000000,-23.62000000,334.70000000,35.45000000,2.2.0
2015-09-04,25,25,44.61000000,-23.58000000,340.40000000,35.51000000,2.2.0
2015-09-05,19,19,39.19000000,-24.64000000,336.24000000,36.06000000,2.2.0
2015-09-06,19,19,43.01000000,-23.21000000,333.59000000,35.64000000,2.2.0
2015-09-07,22,22,46.00000000,-23.01000000,336.87000000,35.92000000,2.2.0
2015-09-08,19,19,37.44000000,-23.03000000,341.64000000,35.27000000,2.2.0
2015-09-09,12,12,47.48000000,-26.10000000,338.95000000,34.74000000,2.2.0
2015-09-10,19,19,44.36000000,-26.38000000,336.18000000,35.91000000,2.2.0
2015-09-11,21,21,42.27000000,-22.50000000,334.11000000,34.81000000,2.2.0
2015-09-12,15,15,42.75000000,-22.50000000,338.99000000,35.27000000,2.2.0
2015-09-13,22,22,51.09000000,-22.50000000,337.19000000,34.60000000,2.2.0
2015-09-14,20,20,41.15000000,-22.50000000,333.84000000,35.47000000,2.2.0
2015-09-15,22,22,44.65000000,-22.50000000,336.41000000,34.98000000,2.2.0
2015-09-16,18,18,45.86000000,-22.50000000,335.91000000,34.62000000,2.2.0
2015-09-17,13,13,45.18000000,-22.50000000,333.31000000,35.62000000,2.2.0
2015-09-18,18,18,46.45000000,-22.50000000,335.87000000,34.82000000,2.2.0
2015-09-19,18,18,46.67000000,-27.52000000,338.67000000,34.57000000,2.2.0
2015-09-20,24,24,45.76000000,-24.10000000,336.66000000,35.80000000,2.2.0
2015-09-21,20,20,46.27000000,-26.68000000,335.46000000,34.67000000,2.2.0
2015-09-22,21,21,46.99000000,-24.02000000,335.08000000,35.13000000,2.2.0
2015-09-23,26,26,47.66000000,-22.50000000,334.99000000,35.15000000,2.2.0
2015-09-24,15,15,48.10000000,-26.99000000,337.85000000,35.33000000,2.2.0
2015-09-25,17,17,45.42000000,-23.79000000,335.97000000,35.74000000,2.2.0
2015-09-26,22,22,42.65000000,-25.10000000,337.91000000,35.36000000,2.2.0
2015-09-27,14,14,45.53000000,-23.01000000,340.75000000,35.06000000,2.2.0
2015-09-28,11,11,59.15000000,-22.50000000,333.46000000,34.33000000,2.2.0
2015-10-01,1,1,49.60000000,-22.50000000,326.30000000,36.40000000,2.2.0
2015-10-02,4,4,51.38000000,-22.50000000,347.35000000,35.85000000,2.2.0
2015-10-03,5,5,45.50000000,-22.50000000,343.38000000,34.76000000,2.2.0
2015-10-04,6,6,41.15000000,-25.17000000,340.85000000,34.57000000,2.2.0
2015-10-05,2,2,54.15000000,-22.50000000,338.40000000,36.50000000,2.2.0
2015-10-06,2,2,58.55000000,-22.50000000,344.05000000,36.80000000,2.2.0
2015-10-07,2,2,34.10000000,-22.50000000,329.50000000,36.80000000,2.2.0
2015-10-08,5,5,40.78000000,-22.50000000,337.78000000,36.16000000,2.2.0
2015-10-09,1,1,50.40000000,-22.50000000,334.00000000,36.30000000,2.2.0
2015-10-10,2,2,39.10000000,-22.50000000,330.00000000,34.05000000,2.2.0
2015-10-11,2,2,44.55000000,-22.50000000,329.50000000,33.60000000,2.2.0
2015-10-13,3,3,35.30000000,-22.50000000,336.67000000,33.63000000,2.2.0
2015-10-14,1,1,36.30000000,-22.50000000,343.20000000,36.00000000,2.2.0
2015-10-15,2,2,60.40000000,-22.50000000,333.40000000,33.90000000,2.2.0
2015-10-16,3,3,44.57000000,-22.50000000,336.50000000,35.23000000,2.2.0
2015-10-17,2,2,34.10000000,-22.50000000,352.30000000,34.50000000,2.2.0
2015-10-18,1,1,71.70000000,-22.50000000,334.60000000,33.00000000,2.2.0
2015-10-19,4,4,56.52000000,-22.50000000,344.30000000,36.42000000,2.2.0
2015-10-20,4,4,50.80000000,-22.50000000,336.12000000,35.67000000,2.2.0
2015-10-21,3,3,51.20000000,-22.50000000,347.77000000,36.23000000,2.2.0
2015-10-22,1,1,68.60000000,-22.50000000,330.30000000,34.40000000,2.2.0
2015-10-23,2,2,26.55000000,-22.50000000,346.80000000,36.40000000,2.2.0
2015-10-24,3,3,57.00000000,-22.50000000,342.43000000,36.37000000,2.2.0
2015-10-25,1,1,55.70000000,-22.50000000,324.40000000,33.00000000,2.2.0
2015-10-26,4,4,28.75000000,-22.50000000,333.10000000,34.83000000,2.2.0
2015-10-27,3,3,47.60000000,-22.50000000,342.47000000,34.20000000,2.2.0
2015-10-28,1,1,60.20000000,-22.50000000,323.60000000,35.50000000,2.2.0
2015-11-04,1,1,34.80000000,-65.10000000,330.00000000,35.80000000,2.2.0
2015-11-05,1,1,17.30000000,-22.50000000,332.50000000,37.00000000,2.2.0
2015-11-06,1,1,54.30000000,-22.50000000,349.90000000,33.00000000,2.2.0
2015-11-08,1,1,60.50000000,-22.50000000,327.90000000,37.00000000,2.2.0
2015-11-14,1,1,24.90000000,-22.50000000,330.60000000,37.00000000,2.2.0
2015-11-17,1,1,72.60000000,-22.50000000,334.60000000,32.70000000,2.2.0
2015-11-19,1,1,51.10000000,-22.50000000,327.60000000,33.00000000,2.2.0
2015-11-23,1,1,58.80000000,-22.50000000,355.50000000,36.10000000,2.2.0
2015-12-05,1,1,69.70000000,-22.50000000,325.00000000,37.00000000,2.2.0
2015-12-15,1,1,20.20000000,-22.50000000,351.00000000,35.90000000,2.2.0
2015-12-24,1,1,36.70000000,-22.50000000,343.30000000,35.10000000,2.2.0
2015-12-26,1,1,60.90000000,-22.50000000,347.10000000,36.00000000,2.2.0
2015-12-28,1,1,65.80000000,-40.80000000,328.30000000,36.60000000,2.2.0
